-- phpMyAdmin SQL Dump
-- version 5.2.1
-- https://www.phpmyadmin.net/
--
-- Host: 127.0.0.1
-- Waktu pembuatan: 24 Nov 2024 pada 08.51
-- Versi server: 10.4.28-MariaDB
-- Versi PHP: 8.0.28

SET SQL_MODE = "NO_AUTO_VALUE_ON_ZERO";
START TRANSACTION;
SET time_zone = "+00:00";


/*!40101 SET @OLD_CHARACTER_SET_CLIENT=@@CHARACTER_SET_CLIENT */;
/*!40101 SET @OLD_CHARACTER_SET_RESULTS=@@CHARACTER_SET_RESULTS */;
/*!40101 SET @OLD_COLLATION_CONNECTION=@@COLLATION_CONNECTION */;
/*!40101 SET NAMES utf8mb4 */;

--
-- Database: `spk_maut_ci`
--

-- --------------------------------------------------------

--
-- Struktur dari tabel `alternatif`
--

CREATE TABLE `alternatif` (
  `id_alternatif` int(11) NOT NULL,
  `keterangan` varchar(20) NOT NULL,
  `tahun` int(11) NOT NULL,
  `nik` varchar(30) NOT NULL,
  `nama` varchar(100) NOT NULL,
  `jenis_kelamin` varchar(50) NOT NULL,
  `departemen` varchar(100) NOT NULL,
  `no_telp` varchar(50) NOT NULL,
  `alamat` varchar(500) NOT NULL,
  `email` varchar(200) NOT NULL
) ENGINE=InnoDB DEFAULT CHARSET=latin1 COLLATE=latin1_swedish_ci;

--
-- Dumping data untuk tabel `alternatif`
--

INSERT INTO `alternatif` (`id_alternatif`, `keterangan`, `tahun`, `nik`, `nama`, `jenis_kelamin`, `departemen`, `no_telp`, `alamat`, `email`) VALUES
(64, 'Asus', 2024, 'Marketing', 'Intel Core 9', 'Wanita', 'Operasional', '3500', '5000', '10000'),
(65, 'Asus', 2019, '11', 'Intel Core 5', '12GB', '512GB', 'GTX Force', 'SRGB 100%', '10000MaH');

-- --------------------------------------------------------

--
-- Struktur dari tabel `hasil`
--

CREATE TABLE `hasil` (
  `id_hasil` int(11) NOT NULL,
  `id_alternatif` int(11) NOT NULL,
  `nilai` float(10,4) NOT NULL
) ENGINE=InnoDB DEFAULT CHARSET=latin1 COLLATE=latin1_swedish_ci;

-- --------------------------------------------------------

--
-- Struktur dari tabel `kriteria`
--

CREATE TABLE `kriteria` (
  `id_kriteria` int(11) NOT NULL,
  `keterangan` varchar(100) NOT NULL,
  `kode_kriteria` varchar(100) NOT NULL,
  `bobot` varchar(100) NOT NULL
) ENGINE=InnoDB DEFAULT CHARSET=latin1 COLLATE=latin1_swedish_ci;

--
-- Dumping data untuk tabel `kriteria`
--

INSERT INTO `kriteria` (`id_kriteria`, `keterangan`, `kode_kriteria`, `bobot`) VALUES
(24, 'Harga', 'C1', '0.15'),
(25, 'RAM', 'C2', '0.25'),
(26, 'Penyimpanan', 'C3', '0.15'),
(27, 'Prosessor', 'C4', '0.25'),
(28, 'Baterai', 'C5', '0.20');

-- --------------------------------------------------------

--
-- Struktur dari tabel `penilaian`
--

CREATE TABLE `penilaian` (
  `id_penilaian` int(11) NOT NULL,
  `id_alternatif` int(11) NOT NULL,
  `id_kriteria` int(11) NOT NULL,
  `nilai` int(100) NOT NULL
) ENGINE=InnoDB DEFAULT CHARSET=latin1 COLLATE=latin1_swedish_ci;

--
-- Dumping data untuk tabel `penilaian`
--

INSERT INTO `penilaian` (`id_penilaian`, `id_alternatif`, `id_kriteria`, `nilai`) VALUES
(319, 64, 24, 178),
(320, 64, 25, 167),
(321, 64, 26, 176),
(322, 64, 27, 164),
(323, 64, 28, 175);

-- --------------------------------------------------------

--
-- Struktur dari tabel `sub_kriteria`
--

CREATE TABLE `sub_kriteria` (
  `id_sub_kriteria` int(11) NOT NULL,
  `id_kriteria` int(11) NOT NULL,
  `deskripsi` varchar(200) NOT NULL,
  `nilai` varchar(100) NOT NULL
) ENGINE=InnoDB DEFAULT CHARSET=latin1 COLLATE=latin1_swedish_ci;

--
-- Dumping data untuk tabel `sub_kriteria`
--

INSERT INTO `sub_kriteria` (`id_sub_kriteria`, `id_kriteria`, `deskripsi`, `nilai`) VALUES
(156, 24, '5.000.000', '5'),
(160, 28, '3500MaH', '1'),
(162, 25, '4GB', '4'),
(163, 24, '6.000.000', '6'),
(164, 27, 'Intel Core 5', '3'),
(165, 28, '5000MaH', '2'),
(166, 26, '128GB', '128'),
(167, 25, '8GB', '8'),
(168, 24, '7.000.000', '7'),
(169, 27, 'Intel Core 9', '4'),
(170, 28, '8000MaH', '3'),
(171, 26, '256GB', '256'),
(172, 25, '16GB', '16'),
(173, 24, '8.000.000', '8'),
(174, 27, 'Ryzen 9', '5'),
(175, 28, '10000MaH', '4'),
(176, 26, '512GB', '512'),
(177, 25, '32GB', '32'),
(178, 24, '9.000.000', '9');

-- --------------------------------------------------------

--
-- Struktur dari tabel `user`
--

CREATE TABLE `user` (
  `id_user` int(11) NOT NULL,
  `id_user_level` int(11) NOT NULL,
  `nama` varchar(200) NOT NULL,
  `email` varchar(100) NOT NULL,
  `username` varchar(100) NOT NULL,
  `password` varchar(100) NOT NULL
) ENGINE=InnoDB DEFAULT CHARSET=latin1 COLLATE=latin1_swedish_ci;

--
-- Dumping data untuk tabel `user`
--

INSERT INTO `user` (`id_user`, `id_user_level`, `nama`, `email`, `username`, `password`) VALUES
(1, 1, 'Kelompok E', 'admin@gmail.com', 'admin', '21232f297a57a5a743894a0e4a801fc3'),
(7, 2, 'User', 'user@gmail.com', 'user', 'ee11cbb19052e40b07aac0ca060c23ee');

-- --------------------------------------------------------

--
-- Struktur dari tabel `user_level`
--

CREATE TABLE `user_level` (
  `id_user_level` int(11) NOT NULL,
  `user_level` varchar(100) NOT NULL
) ENGINE=InnoDB DEFAULT CHARSET=latin1 COLLATE=latin1_swedish_ci;

--
-- Dumping data untuk tabel `user_level`
--

INSERT INTO `user_level` (`id_user_level`, `user_level`) VALUES
(1, 'Administrator'),
(2, 'User');

--
-- Indexes for dumped tables
--

--
-- Indeks untuk tabel `alternatif`
--
ALTER TABLE `alternatif`
  ADD PRIMARY KEY (`id_alternatif`);

--
-- Indeks untuk tabel `hasil`
--
ALTER TABLE `hasil`
  ADD PRIMARY KEY (`id_hasil`),
  ADD KEY `id_alternatif` (`id_alternatif`);

--
-- Indeks untuk tabel `kriteria`
--
ALTER TABLE `kriteria`
  ADD PRIMARY KEY (`id_kriteria`);

--
-- Indeks untuk tabel `penilaian`
--
ALTER TABLE `penilaian`
  ADD PRIMARY KEY (`id_penilaian`),
  ADD KEY `id_alternatif` (`id_alternatif`),
  ADD KEY `id_kriteria` (`id_kriteria`),
  ADD KEY `nilai` (`nilai`);

--
-- Indeks untuk tabel `sub_kriteria`
--
ALTER TABLE `sub_kriteria`
  ADD PRIMARY KEY (`id_sub_kriteria`),
  ADD KEY `id_kriteria` (`id_kriteria`);

--
-- Indeks untuk tabel `user`
--
ALTER TABLE `user`
  ADD PRIMARY KEY (`id_user`),
  ADD KEY `id_user_level` (`id_user_level`);

--
-- Indeks untuk tabel `user_level`
--
ALTER TABLE `user_level`
  ADD PRIMARY KEY (`id_user_level`);

--
-- AUTO_INCREMENT untuk tabel yang dibuang
--

--
-- AUTO_INCREMENT untuk tabel `alternatif`
--
ALTER TABLE `alternatif`
  MODIFY `id_alternatif` int(11) NOT NULL AUTO_INCREMENT, AUTO_INCREMENT=66;

--
-- AUTO_INCREMENT untuk tabel `hasil`
--
ALTER TABLE `hasil`
  MODIFY `id_hasil` int(11) NOT NULL AUTO_INCREMENT;

--
-- AUTO_INCREMENT untuk tabel `kriteria`
--
ALTER TABLE `kriteria`
  MODIFY `id_kriteria` int(11) NOT NULL AUTO_INCREMENT, AUTO_INCREMENT=29;

--
-- AUTO_INCREMENT untuk tabel `penilaian`
--
ALTER TABLE `penilaian`
  MODIFY `id_penilaian` int(11) NOT NULL AUTO_INCREMENT, AUTO_INCREMENT=324;

--
-- AUTO_INCREMENT untuk tabel `sub_kriteria`
--
ALTER TABLE `sub_kriteria`
  MODIFY `id_sub_kriteria` int(11) NOT NULL AUTO_INCREMENT, AUTO_INCREMENT=179;

--
-- AUTO_INCREMENT untuk tabel `user`
--
ALTER TABLE `user`
  MODIFY `id_user` int(11) NOT NULL AUTO_INCREMENT, AUTO_INCREMENT=8;

--
-- AUTO_INCREMENT untuk tabel `user_level`
--
ALTER TABLE `user_level`
  MODIFY `id_user_level` int(11) NOT NULL AUTO_INCREMENT, AUTO_INCREMENT=3;

--
-- Ketidakleluasaan untuk tabel pelimpahan (Dumped Tables)
--

--
-- Ketidakleluasaan untuk tabel `hasil`
--
ALTER TABLE `hasil`
  ADD CONSTRAINT `hasil_ibfk_1` FOREIGN KEY (`id_alternatif`) REFERENCES `alternatif` (`id_alternatif`) ON DELETE CASCADE ON UPDATE CASCADE;

--
-- Ketidakleluasaan untuk tabel `penilaian`
--
ALTER TABLE `penilaian`
  ADD CONSTRAINT `penilaian_ibfk_1` FOREIGN KEY (`id_alternatif`) REFERENCES `alternatif` (`id_alternatif`) ON DELETE CASCADE ON UPDATE CASCADE,
  ADD CONSTRAINT `penilaian_ibfk_2` FOREIGN KEY (`id_kriteria`) REFERENCES `kriteria` (`id_kriteria`) ON DELETE CASCADE ON UPDATE CASCADE,
  ADD CONSTRAINT `penilaian_ibfk_3` FOREIGN KEY (`nilai`) REFERENCES `sub_kriteria` (`id_sub_kriteria`) ON DELETE CASCADE ON UPDATE CASCADE;

--
-- Ketidakleluasaan untuk tabel `sub_kriteria`
--
ALTER TABLE `sub_kriteria`
  ADD CONSTRAINT `sub_kriteria_ibfk_1` FOREIGN KEY (`id_kriteria`) REFERENCES `kriteria` (`id_kriteria`) ON DELETE CASCADE ON UPDATE CASCADE;

--
-- Ketidakleluasaan untuk tabel `user`
--
ALTER TABLE `user`
  ADD CONSTRAINT `user_ibfk_1` FOREIGN KEY (`id_user_level`) REFERENCES `user_level` (`id_user_level`) ON DELETE CASCADE ON UPDATE CASCADE;
COMMIT;

/*!40101 SET CHARACTER_SET_CLIENT=@OLD_CHARACTER_SET_CLIENT */;
/*!40101 SET CHARACTER_SET_RESULTS=@OLD_CHARACTER_SET_RESULTS */;
/*!40101 SET COLLATION_CONNECTION=@OLD_COLLATION_CONNECTION */;
